﻿<?xml version="1.0" encoding="utf-8" ?>

<ismap keyname="default">

 <!--

  Key names (i.e. keyname attribute above)
  Attribute value is case sensitive
  ============================
  Salute, Name, NRIC, CustSeg
  CustSubSeg, Cif, Lang, AuthType
  CallStatus, Intent, RegNo1
  RegNo2, VaSessionId, Skill, ShortSid
  
  -->

  <!--
  There must be a single 'default' section as shown bellow.
    <map>
      <value>default</value>
	  <skill>SKILL</skill>
    </map>
  
  And zero or more sections shown bellow with unique VALUEs 
    <map>
      <value>VALUE</value>
	  <skill>SKILL</skill>
    </map>
  or 
    <map>
      <value>VALUE</value>
	  <skill>SKILL</skill>
	  <agent>auto</agent>
    </map>
  
  VALUE - Can be 'default' or a string. The VALUE will be matched against 
  the value of 'keyname' atribute defined above to select the SKILL. If there 
  is no match found the SKILL of 'default' will be used.
  
  SKILL - should be a VDN number to dial
  
  agent tag - A optional tag, if present, the skill will be using a automated 
  agent (currently only supported to start a audio only call that is directed to SIP).
  usually this tag must NOT be present.
  -->
  
  <map>
    <value>default</value>
    <skill>49001</skill>
  </map>

  <map>
    <value>livechat</value>
    <skill>49002</skill>
  </map>

</ismap>

