{
	"tmc.conf.aacc_endpoint": "http://localhost:7169",
	"tmc.conf.cidRangeStart": "1000",
	"tmc.conf.cidRangeEnd": "1100",
	"tmc.conf.instance": "dev",
	"tmc.conf.certThumb": "",
	"tmc.conf.decryptKeyfile": "encrypt.key",
	"tmc.conf.Conn_TLS_TLS11_TLS12": "TLS12",
	"tmc.conf.rconfigPort": "65500",
	"tmc.conf.rconfigAppname": "tchat",
	"tmc.conf.chathandlerDll": "SessionInfoHandler",
	"tmc.conf.chathandlerClass": "SessionInfoHandler.SelfServiceHandler",
	"tmc.conf.smhandlerDll": "TextchatServer",
	"tmc.conf.smhandlerClass": "SessionInfoHandler.SocialMediaHandler",
	"tmc.conf.SyncQueueServers": "localhost:50001,10.133.146.7:50001",
	"tmc.conf.EnableQueueSync": "false",
	"tmc.conf.SipConfWsPort": "60601",
	"tmc.conf.SipConfProcessPath": "",
	"tmc.conf.TSipCliStartPort": "7000",
	"tmc.conf.TSipCliEndPort": "8000",
	"tmc.conf.MaxChatCallDurationInMinutes": "50",
	"tmc.conf.WorkQueueServerCount": "1",
	"tmc.conf.SslVersion": "Tls12",

	"tmc.conf.WorkQueueEndpoint1": "http://localhost:7169/WorkQueue/AddWorkItem",
	"tmc.conf.WorkQueueEndpoint2": "http://localhost:7169/WorkQueue/AddWorkItem",

	"tmc.conf.ConnectionType1": "websocket",
	"tmc.conf.WebsocketPort1": "22556",
	"tmc.conf.WebsocketUser1": "customer",
	"tmc.conf.WebsocketIsSecure1": "false",

	"tmc.conf.ConnectionType2": "tcp",
	"tmc.conf.TcpPort2": "2233",
	"tmc.conf.TcpUser2": "customer",
	"tmc.conf.TcpIsSecure2": "false",

	"tmc.conf.ConnectionType3": "kai",
	"tmc.conf.KaiPort3": "2266",
	"tmc.conf.KaiUser3": "customer",
	"tmc.conf.KaiIsSecure3": "false",

	"tmc.conf.ConnectionType4": "tcp",
	"tmc.conf.TcpPort4": "50000",
	"tmc.conf.TcpUser4": "syncqueue",
	"tmc.conf.TcpIsSecure4": "true",

	"tmc.conf.ConnectionType5": "tcp",
	"tmc.conf.TcpPort5": "2334",
	"tmc.conf.TcpUser5": "agent",
	"tmc.conf.TcpIsSecure5": "false",

	"tmc.conf.ConnectionType6": "websocket",
	"tmc.conf.WebsocketPort6": "11011",
	"tmc.conf.WebsocketUser6": "monitor",
	"tmc.conf.WebsocketIsSecure6": "false"
}










