{
  "tmc.conf.ProductName": "SMSAPI",
  "tmc.conf.TetherfiLogPath": "C:\\Tetherfi\\TetherfiHome\\Logs\\SMSAPI",

  "tmc.conf.PrimaryServerIP": "localhost",
  "tmc.conf.SecondaryServerIP": "localhost",
  "tmc.conf.WCFSharedPort": "17000",
  
  "tmc.conf.CMIP": "10.133.146.203",
  "tmc.conf.CMUserName": "smsapi",
  "tmc.conf.CMPassword": "smsapi01",
  "tmc.conf.TetherfiAppPath":"C:\\Tetherfi\\TetherfiHome",

  "tmc.conf.aacCIP": "10.204.132.127",
  "tmc.conf.aaccLoginID": "webadmin",
  "tmc.conf.aaccLoginPassword": "webadmin",

  "tmc.conf.AESIP": "10.133.146.60",
  "tmc.conf.AESLink": "AVAYA#CMSIM#CSTA#AESSIM",
  "tmc.conf.AESUserName": "Tetherfi",
  "tmc.conf.AESPassword": "Tetherfi@1234",
  "tmc.conf.CMskillrange": "1-99",

  "tmc.conf.TSAPIskillchangeAUX": "11",
  "tmc.conf.skillchangeaux": "11",

  "tmc.conf.serviceurl": "https://{0}/smsxml/SystemManagementService.php",
  "tmc.conf.serviceurl1": "https://{0}/smsxml/SystemManagementService.php",
  
  "tmc.conf.DBConnection": "provider=mssql;Data Source=10.133.146.11\\MSSQLSERVER,14311;User ID=sa;Password=password;Initial Catalog=OCM;",
  "tmc.conf.Tmacproxycount": "1",
  "tmc.conf.Tmacservercount": "1",

  "tmc.conf.sshportnumber": "22",
  "tmc.conf.sshuserlogin": "smsapi",
  "tmc.conf.sshloginIP": "10.133.146.203",
  "tmc.conf.sshloginpassword": "smsapi01",
  "tmc.conf.tmasServe2": "http://localhost:55000/TmacServer2/"

}